<?xml version="1.0" encoding="UTF-8"?>
<project-private xmlns="http://www.netbeans.org/ns/project-private/1">
    <editor-bookmarks xmlns="http://www.netbeans.org/ns/editor-bookmarks/2" lastBookmarkId="0"/>
    <open-files xmlns="http://www.netbeans.org/ns/projectui-open-files/2">
        <group>
            <file>file:/C:/Users/Administrator/Documents/NetBeansProjects/University%20Management%20System/src/university/management/system/AddTeacher.java</file>
            <file>file:/C:/Users/Administrator/Documents/NetBeansProjects/University%20Management%20System/src/university/management/system/About.java</file>
            <file>file:/C:/Users/Administrator/Documents/NetBeansProjects/University%20Management%20System/src/university/management/system/Login.java</file>
            <file>file:/C:/Users/Administrator/Documents/NetBeansProjects/University%20Management%20System/src/university/management/system/Marks.java</file>
            <file>file:/C:/Users/Administrator/Documents/NetBeansProjects/University%20Management%20System/src/university/management/system/FeeStructure.java</file>
            <file>file:/C:/Users/Administrator/Documents/NetBeansProjects/University%20Management%20System/src/university/management/system/Conn.java</file>
            <file>file:/C:/Users/Administrator/Documents/NetBeansProjects/University%20Management%20System/src/university/management/system/Splash.java</file>
        </group>
    </open-files>
</project-private>
